[
  {
    "id": "notif_001",
    "title": "🎉 تحديث جديد - الإصدار 3.0",
    "message": "تم إطلاق الإصدار 3.0 بتحسينات كبيرة في الأداء والتصميم! استمتع بتجربة أسرع وأكثر سلاسة.",
    "icon": "fa-rocket",
    "color": "blue",
    "timestamp": "2026-01-14T11:25:00",
    "priority": "high",
    "category": "update"
  },
  {
    "id": "notif_002",
    "title": "📚 محاضرات جديدة متاحة",
    "message": "تمت إضافة محاضرات جديدة لمادة الإحصاء والمحاسبة. قم بزيارة قسم المحاضرات للاطلاع عليها.",
    "icon": "fa-book-open",
    "color": "emerald",
    "timestamp": "2026-01-13T14:30:00",
    "priority": "medium",
    "category": "content"
  },
  {
    "id": "notif_003",
    "title": "⚠️ صيانة مجدولة",
    "message": "سيتم إجراء صيانة للنظام يوم الجمعة القادم من الساعة 2 صباحاً حتى 4 صباحاً. قد تواجه بعض الانقطاعات.",
    "icon": "fa-wrench",
    "color": "amber",
    "timestamp": "2026-01-12T09:00:00",
    "priority": "high",
    "category": "maintenance"
  },
  {
    "id": "notif_004",
    "title": "✅ تم إصلاح المشاكل",
    "message": "تم إصلاح مشكلة عدم ظهور بعض الملفات في قسم الملخصات. شكراً لإبلاغكم!",
    "icon": "fa-check-circle",
    "color": "green",
    "timestamp": "2026-01-11T16:45:00",
    "priority": "low",
    "category": "fix"
  },
  {
    "id": "notif_005",
    "title": "🎓 نصائح للدراسة",
    "message": "تذكر: المراجعة المنتظمة أفضل من المذاكرة المكثفة قبل الامتحان مباشرة. خطط لوقتك بحكمة!",
    "icon": "fa-lightbulb",
    "color": "yellow",
    "timestamp": "2026-01-10T08:00:00",
    "priority": "low",
    "category": "tips"
  }
]